{
  "time": "2026-06-19T12:41:08+00:00",
  "tag": "rf_base",
  "model": "rf",
  "n_features": 50,
  "n_train": 21473,
  "spatial_OA": 0.88,
  "spatial_kappa": 0.8361,
  "naive_OA": 0.8898,
  "unseen_OA": 0.849,
  "unseen_kappa": 0.787,
  "seconds": 1809.8,
  "spatial_full": {
    "n_test": 279516,
    "overall_accuracy": 0.8799925585655204,
    "kappa": 0.8361004038984559,
    "labels": [
      1,
      2,
      3,
      4,
      5,
      6,
      7,
      8,
      10
    ],
    "confusion_matrix": [
      [
        20429,
        112,
        1186,
        60,
        56,
        149,
        493,
        866,
        0
      ],
      [
        43,
        8,
        10,
        0,
        0,
        38,
        26,
        38,
        0
      ],
      [
        1220,
        26,
        11674,
        5,
        1,
        23,
        68,
        75,
        0
      ],
      [
        114,
        0,
        22,
        8663,
        27,
        622,
        8,
        29,
        0
      ],
      [
        90,
        41,
        14,
        97,
        68611,
        4715,
        324,
        526,
        0
      ],
      [
        850,
        152,
        115,
        5837,
        3232,
        106434,
        1045,
        2867,
        3
      ],
      [
        158,
        12,
        18,
        0,
        7,
        22,
        2977,
        1670,
        2
      ],
      [
        629,
        98,
        104,
        68,
        59,
        313,
        5096,
        27176,
        36
      ],
      [
        18,
        0,
        0,
        0,
        0,
        0,
        0,
        9,
        0
      ]
    ],
    "report": {
      "1": {
        "precision": 0.867436626894824,
        "recall": 0.8748661727549142,
        "f1-score": 0.8711355592512047,
        "support": 23351.0
      },
      "2": {
        "precision": 0.017817371937639197,
        "recall": 0.049079754601226995,
        "f1-score": 0.026143790849673203,
        "support": 163.0
      },
      "3": {
        "precision": 0.8882294757665677,
        "recall": 0.8916895814237702,
        "f1-score": 0.8899561654278635,
        "support": 13092.0
      },
      "4": {
        "precision": 0.5881194840461643,
        "recall": 0.9133368476541909,
        "f1-score": 0.7155069172000826,
        "support": 9485.0
      },
      "5": {
        "precision": 0.9530232105899185,
        "recall": 0.9219678034884033,
        "f1-score": 0.9372383222572075,
        "support": 74418.0
      },
      "6": {
        "precision": 0.9476299013497632,
        "recall": 0.8830132326710084,
        "f1-score": 0.9141811716505405,
        "support": 120535.0
      },
      "7": {
        "precision": 0.29660257048919,
        "recall": 0.6117961364570489,
        "f1-score": 0.39951687579681944,
        "support": 4866.0
      },
      "8": {
        "precision": 0.8171758479672842,
        "recall": 0.8093153459007117,
        "f1-score": 0.8132266028278596,
        "support": 33579.0
      },
      "10": {
        "precision": 0.0,
        "recall": 0.0,
        "f1-score": 0.0,
        "support": 27.0
      },
      "accuracy": 0.8799925585655204,
      "macro avg": {
        "precision": 0.597337165449039,
        "recall": 0.6616738749945861,
        "f1-score": 0.6185450450290279,
        "support": 279516.0
      },
      "weighted avg": {
        "precision": 0.8997456240820875,
        "recall": 0.8799925585655204,
        "f1-score": 0.8871536917887581,
        "support": 279516.0
      }
    }
  },
  "unseen_full": {
    "n_test": 916176,
    "overall_accuracy": 0.8489951712334748,
    "kappa": 0.7869556513961212,
    "labels": [
      1,
      2,
      3,
      4,
      5,
      6,
      7,
      8,
      10
    ],
    "confusion_matrix": [
      [
        115543,
        205,
        17797,
        1592,
        221,
        1789,
        1530,
        3496,
        7
      ],
      [
        619,
        54,
        149,
        56,
        3,
        188,
        46,
        179,
        0
      ],
      [
        6172,
        69,
        14049,
        704,
        10,
        226,
        219,
        557,
        0
      ],
      [
        1016,
        21,
        23,
        10460,
        92,
        7081,
        87,
        195,
        0
      ],
      [
        382,
        81,
        48,
        257,
        140508,
        7125,
        1520,
        2615,
        2
      ],
      [
        3466,
        320,
        322,
        20546,
        10484,
        400848,
        5339,
        11651,
        10
      ],
      [
        607,
        48,
        20,
        0,
        105,
        223,
        17130,
        4662,
        8
      ],
      [
        1483,
        162,
        121,
        255,
        431,
        1698,
        19726,
        79230,
        189
      ],
      [
        4,
        0,
        1,
        0,
        0,
        0,
        26,
        61,
        7
      ]
    ],
    "report": {
      "1": {
        "precision": 0.8936593138013179,
        "recall": 0.8126529751019834,
        "f1-score": 0.8512332763599929,
        "support": 142180.0
      },
      "2": {
        "precision": 0.05625,
        "recall": 0.04173106646058733,
        "f1-score": 0.04791481810115351,
        "support": 1294.0
      },
      "3": {
        "precision": 0.4318782662158008,
        "recall": 0.6384167954194311,
        "f1-score": 0.5152193046794777,
        "support": 22006.0
      },
      "4": {
        "precision": 0.30882787127251254,
        "recall": 0.5512516469038208,
        "f1-score": 0.395874727978049,
        "support": 18975.0
      },
      "5": {
        "precision": 0.9252834959895689,
        "recall": 0.9211344058529678,
        "f1-score": 0.9232042892060238,
        "support": 152538.0
      },
      "6": {
        "precision": 0.9562715600532471,
        "recall": 0.8849015201352801,
        "f1-score": 0.919203269109938,
        "support": 452986.0
      },
      "7": {
        "precision": 0.3754685136882713,
        "recall": 0.7512169451387976,
        "f1-score": 0.5006868734106918,
        "support": 22803.0
      },
      "8": {
        "precision": 0.7718761568887244,
        "recall": 0.7670264775642577,
        "f1-score": 0.7694436756158317,
        "support": 103295.0
      },
      "10": {
        "precision": 0.03139013452914798,
        "recall": 0.0707070707070707,
        "f1-score": 0.043478260869565216,
        "support": 99.0
      },
      "accuracy": 0.8489951712334748,
      "macro avg": {
        "precision": 0.5278783680487323,
        "recall": 0.6043376559204663,
        "f1-score": 0.5518064994811915,
        "support": 916176.0
      },
      "weighted avg": {
        "precision": 0.8787739225872783,
        "recall": 0.8489951712334748,
        "f1-score": 0.8601525116490031,
        "support": 916176.0
      }
    }
  }
}