{
  "time": "2026-06-19T14:26:10+00:00",
  "tag": "au_multi",
  "model": "hgb",
  "indices": true,
  "conf": 0.7,
  "train_regions": [
    "Temora",
    "Wimmera",
    "Corowa"
  ],
  "unseen_regions": [
    "Ardlethan_E"
  ],
  "unseen_per_region": {
    "Ardlethan_E": 0.7159
  },
  "n_train": 44706,
  "spatial_OA": 0.8593,
  "spatial_kappa": 0.7329,
  "unseen_OA": 0.7159,
  "unseen_kappa": 0.4533,
  "seconds": 2462.9,
  "label_composition": {
    "Winter cereals": 12000,
    "Canola/Oilseeds": 8000,
    "Grazing native veg": 12000,
    "Legumes/Pulses": 5700,
    "Hay": 7006
  },
  "spatial_full": {
    "n_test": 180000,
    "overall_accuracy": 0.8592666666666666,
    "kappa": 0.7329346494703368,
    "labels": [
      1,
      2,
      3,
      5,
      6
    ],
    "confusion_matrix": [
      [
        82101,
        570,
        420,
        9526,
        261
      ],
      [
        291,
        1803,
        0,
        300,
        31
      ],
      [
        8,
        0,
        425,
        0,
        0
      ],
      [
        10469,
        1543,
        229,
        69938,
        1515
      ],
      [
        15,
        1,
        3,
        150,
        401
      ]
    ],
    "report": {
      "1": {
        "precision": 0.8839089617156883,
        "recall": 0.883966063007386,
        "f1-score": 0.8839375114393686,
        "support": 92878.0
      },
      "2": {
        "precision": 0.46030125095736535,
        "recall": 0.7435051546391752,
        "f1-score": 0.5685903500473037,
        "support": 2425.0
      },
      "3": {
        "precision": 0.3946146703806871,
        "recall": 0.9815242494226328,
        "f1-score": 0.5629139072847682,
        "support": 433.0
      },
      "5": {
        "precision": 0.8751658032384814,
        "recall": 0.8356393528807322,
        "f1-score": 0.8549459684123025,
        "support": 83694.0
      },
      "6": {
        "precision": 0.1816123188405797,
        "recall": 0.7035087719298245,
        "f1-score": 0.2886969042476602,
        "support": 570.0
      },
      "accuracy": 0.8592666666666666,
      "macro avg": {
        "precision": 0.5591206010265604,
        "recall": 0.8296287183759501,
        "f1-score": 0.6318169282862807,
        "support": 180000.0
      },
      "weighted avg": {
        "precision": 0.870735783278093,
        "recall": 0.8592666666666666,
        "f1-score": 0.8635518145772506,
        "support": 180000.0
      }
    }
  }
}